id,name,phone,salary,age,department
1,Shell Doblin,760-779-2902,24150.977,64,operations
2,Rolfe McIlhagga,652-665-7450,11976.062,43,technology
3,Mara Poulglais,937-328-8531,16080.927,41,human resources
4,Maren Dmych,398-929-4228,21069.736,49,human resources
5,Jojo Barbie,169-180-6782,26041.99,25,human resources
6,George Mainds,408-608-6681,9660.633,40,strategy
7,Sherrie Prattington,766-299-3594,20425.218,42,operations
8,Padgett Addie,957-659-5837,17501.126,31,marketing
9,Ernest Vears,853-979-8126,15103.072,38,strategy
10,Jane Kewzick,318-997-4809,9734.974,26,technology
11,Em Greenwell,626-100-7378,9502.996,35,technology
12,Claudio Gellately,478-514-6683,9930.646,44,human resources
13,Jenda Monkley,983-570-9997,28573.213,40,human resources
14,Isidore Di Maggio,427-497-2905,13990.664,42,technology
15,Herman Beal,127-579-1946,14467.394,47,operations
16,Shelton Clack,918-433-9555,8851.229,42,finance
17,Allison Brandin,595-778-7506,18001.936,63,technology
18,Ferdy Seville,834-844-8056,12250.395,55,operations
19,Burgess Hartgill,710-805-8828,15070.556,25,finance
20,Vaclav Chesnut,199-528-2315,26058.276,41,operations
21,Ester Bulstrode,967-629-5619,12360.724,65,human resources
22,Breanne Kinvig,729-117-6726,13781.988,39,technology
23,Leeann Bog,448-702-5176,10390.708,52,marketing
24,Yorker Stoven,868-489-8098,13966.328,33,technology
25,Bart Gillbey,867-286-0842,29217.863,37,finance
26,Constantia Cast,606-318-2665,20772.787,47,operations
27,Sonja Icom,779-702-8328,8448.152,40,finance
28,Evan Brunet,321-659-3199,15970.759,44,operations
29,Dalli Woodstock,598-840-5172,17672.474,34,technology
30,Morie Biasotti,263-823-5811,12172.748,46,operations
31,Clevie Denyer,940-645-9263,5144.924,41,finance
32,Daisy Engelmann,469-967-7831,25360.218,23,finance
33,Dido Quene,782-568-5757,24763.944,54,human resources
34,Shea Jallin,916-339-2703,15697.91,24,strategy
35,Barbabra Aldine,448-964-8092,22179.008,41,operations
36,Noemi Gross,506-419-7144,28521.21,62,operations
37,Abbe Welbeck,137-284-3357,27217.196,28,finance
38,Lucy Daouse,575-374-5990,16065.95,38,technology
39,Kellina Giuron,665-222-8957,10622.437,44,technology
40,Carmela Robottom,130-991-6501,16721.979,37,technology
41,Saloma McCloy,514-624-3552,15995.628,59,finance
42,Krisha Leary,566-604-0132,5607.682,39,finance
43,Byrom Coots,337-151-3344,14034.042,48,operations
44,Borg Mathers,645-480-1581,15829.18,57,finance
45,Jacynth Veitch,793-577-3181,14963.821,39,technology
46,Tiffie Lusgdin,861-308-2517,19430.853,25,operations
47,Belvia Haythornthwaite,596-877-7473,29136.587,34,marketing
48,Aeriell O'Nions,599-482-8729,19890.557,56,finance
49,Diannne Merrell,159-221-9812,22095.615,44,technology
50,Harley Grindrod,749-584-8431,29290.216,49,marketing
51,Lissi Alyonov,590-851-8539,6385.557,51,marketing
52,Evelin Marquis,502-958-5717,5173.337,49,finance
53,Shanan Zanutti,788-249-4828,14650.479,30,marketing
54,Margalit Blaber,619-763-0020,17080.03,37,technology
55,Calli Dawidowicz,149-807-0341,29194.158,24,technology
56,Roman Plumb,310-799-8837,11769.718,65,technology
57,Pincus Brickner,623-378-7170,29478.804,35,finance
58,Jordana Thomassin,925-422-4375,17775.469,43,finance
59,Corinna Humblestone,857-776-7584,27117.307,35,marketing
60,Adelina Garbutt,942-720-6796,8777.713,35,human resources
61,Garnet Guillon,530-877-9774,23794.548,48,technology
62,Aimee Warbrick,830-382-0199,22342.491,50,operations
63,Celine Croshaw,516-225-9739,25285.628,53,technology
64,Devonna Venton,340-895-5827,13920.975,27,operations
65,Burt Deniseau,139-506-4366,8555.406,47,technology
66,Maurizia Peat,395-556-3646,7447.601,52,finance
67,Cthrine Andrew,209-777-0580,29429.816,62,strategy
68,Zena Duffet,865-922-4184,14231.814,25,marketing
69,Koressa Matkovic,895-259-1173,22031.813,57,operations
70,Hastie Crocombe,897-343-3415,27084.6,43,human resources
71,Lorianne Saterweyte,559-281-8495,23852.95,45,technology
72,Chadd Tapner,611-613-8817,29119.148,33,marketing
73,Karlen Goldingay,189-888-3647,25486.528,44,finance
74,Lloyd Roeby,933-976-4678,10218.009,32,finance
75,Alwyn Patron,424-771-7898,5526.541,47,operations
76,Glenine Monelle,134-590-7381,9148.143,40,finance
77,Pammie Blunsen,516-370-1538,18428.545,63,operations
78,Dody Cunrado,467-162-9122,24540.881,46,operations
79,Cordula Pischof,612-368-8130,29833.949,46,human resources
80,Virgina Attrie,595-191-2180,7020.731,48,human resources
81,Josi Schultze,569-477-6563,11929.24,35,strategy
82,Tomasine Pohlak,817-849-2975,18022.372,35,strategy
83,Gaile MacGinlay,825-321-2757,6273.747,55,technology
84,Helga Fallens,342-178-3656,9238.251,47,finance
85,Hillel Adami,619-433-3561,12100.98,27,technology
86,Jim Dye,807-612-7122,19038.284,41,human resources
87,Mohandis Lumley,985-718-1174,13684.99,33,human resources
88,Maribeth Foux,891-177-6084,27899.788,32,strategy
89,Bourke Showering,574-638-4446,11302.974,53,marketing
90,Dorree Peyto,115-889-5849,13599.712,22,strategy
91,Gussi Wigfall,669-816-0856,20075.497,39,human resources
92,Quillan Isacq,505-480-4841,29293.543,34,human resources
93,Tisha Grzegorczyk,536-114-8885,17822.861,23,finance
94,Grantley Micheau,201-342-5879,18056.292,64,operations
95,Lenette Donnan,245-836-8936,12695.457,34,finance
96,Sydelle Hemstead,119-189-8528,21261.228,61,technology
97,Raye Tuke,505-844-6850,26718.292,54,operations
98,Hilarius Eyers,651-739-7642,18640.474,42,strategy
99,Gabriela Ajsik,967-235-0095,15530.607,55,human resources
100,Maximilianus Dubique,781-181-6211,27648.421,34,finance
101,Garrett Hizir,554-162-6349,14439.244,47,marketing
102,Elspeth Quest,563-933-5203,8424.283,57,strategy
103,Torin Lehmann,136-111-8795,17560.955,62,finance
104,Noella Strognell,593-846-4809,23280.611,60,human resources
105,Christy Kleinsmuntz,479-511-8204,22393.562,59,marketing
106,Melitta Spillane,558-645-1109,9818.262,52,technology
107,Therese Sedgmond,728-135-8060,18955.892,37,strategy
108,Kiley Fancutt,451-281-4470,8338.423,34,strategy
109,Em Munslow,749-845-0192,26275.256,48,human resources
110,Chiarra Ollivierre,392-162-5973,21211.566,45,finance
111,Pepillo Haughton,733-745-9263,12395.121,27,strategy
112,Wilden Selley,256-614-6230,19131.504,59,strategy
113,Aron Pandya,482-287-1863,20097.043,25,strategy
114,Susi Gilmore,696-770-2356,6757.05,24,finance
115,Yvonne Aireton,145-102-9891,26230.026,25,human resources
116,Gertie Dorian,831-923-7706,23912.73,61,finance
117,Kelbee Mimmack,361-314-2680,23667.259,52,technology
118,Morie Sinnocke,581-811-0873,18119.842,47,marketing
119,Marv Mursell,628-339-0301,27572.513,62,technology
120,Jesse Petrussi,895-244-4279,13103.747,25,strategy
121,Shadow Ewers,744-156-6364,15278.468,53,technology
122,Waring Kensit,570-477-5344,17290.266,46,finance
123,Micaela Parade,890-150-0569,21091.657,37,finance
124,Robbin Peasee,480-139-0280,8074.401,40,human resources
125,Hyacinth Ygoe,801-717-8305,9222.214,40,strategy
126,Alysa Wildblood,947-628-6259,27402.525,48,marketing
127,Rollin Pharo,881-954-6371,12167.327,57,strategy
128,Elenore Mattiussi,843-183-9482,24023.345,25,technology
129,Randell Gockeler,734-684-0247,12274.124,42,technology
130,Lorain Wetter,282-805-3672,5646.186,48,human resources
131,Jacquie Duggen,422-826-2365,17572.307,43,strategy
132,Charlotta Lomasny,259-875-8218,26543.95,63,operations
133,Harmony Barnfield,347-114-2295,5420.768,46,strategy
134,Julie Kauble,787-879-2644,24457.542,49,human resources
135,Olympie Hitzschke,894-747-0045,18109.718,27,human resources
136,Ivonne Chalcroft,970-594-1932,26154.744,37,finance
137,Friedrich Megson,361-192-2879,12938.654,43,operations
138,Cassie Densell,784-853-1108,26297.046,36,technology
139,Hadria Matushevich,469-147-5950,27835.761,22,operations
140,Cross Shepard,764-888-0416,22931.205,38,strategy
141,Janaya Haslock,986-206-9222,13128.669,34,strategy
142,Stormi Stitwell,406-189-5543,14397.394,56,human resources
143,Imojean Blampey,983-112-3869,8081.08,41,finance
144,Patty McCann,385-215-9253,24298.508,59,marketing
145,Eada Bonham,955-378-6843,18525.414,29,technology
146,Moises Sprigings,709-211-5493,25456.688,23,finance
147,Daven Hankard,799-864-4867,26718.279,23,finance
148,Tatiania Bernardin,237-395-5296,14545.681,40,technology
149,Philly Halliberton,497-179-8779,16519.119,49,finance
150,Reilly Pyford,479-756-8647,21065.467,52,finance
151,Pieter Hacksby,380-431-0956,19672.487,57,strategy
152,Ashla Harewood,533-224-7505,22130.502,29,finance
153,Ettie Latty,213-486-1003,17928.268,44,technology
154,Rachel Kubis,688-173-0431,27708.892,39,technology
155,Jojo Kanter,360-613-2121,24279.559,59,strategy
156,Brendon Toll,824-303-8787,21957.671,57,finance
157,Gabi Graysmark,281-914-5923,22483.526,31,human resources
158,Bondie Rickards,212-135-7326,15886.263,52,marketing
159,Borg Headey,819-385-5177,25288.527,64,human resources
160,Betta Niessen,989-319-1527,27456.126,45,human resources
161,Marney Kellett,523-722-3481,22700.285,33,technology
162,Codie Goucher,625-346-4965,10844.613,55,operations
163,Gretal Splain,993-935-9167,13283.313,36,human resources
164,Natassia Iskower,823-693-0780,20487.935,39,technology
165,Kirk Candlin,375-154-7044,10438.47,34,technology
166,Jaime Jickells,118-864-3583,27260.636,49,strategy
167,Jami Jopson,858-969-2916,18451.528,51,human resources
168,Alberta Kiessel,741-152-1637,29988.075,36,marketing
169,Glenna Timpany,381-511-0172,21569.334,51,marketing
170,Idelle Dye,940-374-7964,11140.648,59,strategy
171,Blisse Batman,860-896-6272,22892.432,52,human resources
172,Piggy Pillman,297-483-6991,18352.522,34,technology
173,Vanny Derdes,825-520-6874,28114.146,30,marketing
174,Bronson Kitchin,896-552-5415,21673.39,52,technology
175,Lyda Chattock,592-576-8751,11776.474,25,technology
176,Jaymee Piner,827-403-5956,11828.718,63,finance
177,Etta Handrock,831-464-1145,22952.469,45,marketing
178,Dennis Lulham,927-738-0914,14269.337,27,strategy
179,Jamaal Millsom,837-813-5917,11313.842,61,marketing
180,Gabbie Brandel,838-405-6367,13932.669,37,human resources
181,Kakalina Drejer,409-655-8427,27774.613,23,strategy
182,Rodney Cay,821-176-1418,13544.938,35,marketing
183,Gardy Spaice,516-568-2168,14587.117,22,marketing
184,Jedd Mortlock,445-874-2574,9667.93,65,finance
185,Kyrstin M'Quhan,973-882-0049,14375.711,36,human resources
186,Allina Gawkes,101-674-9441,19280.705,39,operations
187,Wildon Minett,652-584-4413,22260.397,42,technology
188,Octavia Parsisson,875-625-0764,7976.195,35,operations
189,Sela Aldgate,544-397-3978,22940.351,36,operations
190,Kendell Rakestraw,258-424-8130,25830.184,61,technology
191,Emmeline Skyme,821-376-3373,7003.248,62,finance
192,Carrol Kinsman,456-616-3914,7126.508,46,finance
193,Eadith Langford,927-493-4006,12511.417,31,strategy
194,Niles Gosse,176-197-0111,14156.651,52,technology
195,Cassandre Orriss,900-964-4387,20143.0,36,technology
196,Tome Attiwill,458-521-2779,17361.239,42,operations
197,Olwen Ram,524-840-2932,14541.845,55,marketing
198,Bobbye Smythe,690-679-0124,22688.025,54,strategy
199,Jule Poytres,161-126-4614,23600.326,49,technology
200,Cal Boch,996-928-5092,19149.662,29,strategy
201,Andrea Chilver,741-451-4477,18678.356,42,strategy
202,Mara McNabb,267-917-9345,23836.908,39,human resources
203,Odelle Spitell,820-299-9617,27566.869,34,marketing
204,Roanne Winch,457-111-6174,26518.071,32,human resources
205,Elisha Knutsen,536-599-0405,11479.176,50,human resources
206,Granthem Linskey,389-720-2863,21562.145,38,technology
207,Ninetta Jesson,700-104-4745,7276.459,31,technology
208,Homere Harvie,374-508-6165,28820.308,46,marketing
209,Marigold Exell,288-222-7913,25830.772,24,operations
210,Carla Lyte,442-392-9486,9059.188,60,operations
211,Eleonora Blinkhorn,502-615-4434,18944.64,61,technology
212,Nichol Winwright,117-372-3778,15260.537,33,finance
213,Charmion Scrivenor,346-724-1642,16257.611,62,operations
214,Zonnya Blakeman,825-875-0596,8090.386,35,marketing
215,Bili Rodder,241-145-0750,8973.746,53,marketing
216,Alexia Ahlf,944-406-1352,20490.764,40,marketing
217,Beatrix Truesdale,934-574-3356,24079.98,22,strategy
218,Joyann Biggadyke,958-361-7660,27046.986,54,marketing
219,Kristofor Casino,852-745-9609,8265.908,25,marketing
220,Shannah Calverley,963-321-6455,29482.723,60,finance
221,Darleen Dumini,798-876-6185,22000.919,43,human resources
222,Oliy Speedin,848-802-0449,26293.385,33,technology
223,Chas Fulton,515-264-4496,15409.335,24,human resources
224,Karly Matherson,123-732-6273,14532.266,58,technology
225,Brnaby Albion,754-967-9959,19243.691,53,operations
226,Kania Reedy,828-792-0151,7770.051,27,marketing
227,Petrina Norcott,416-733-3249,22969.964,53,human resources
228,Anstice Tour,552-231-8921,6526.145,52,human resources
229,Marcelline Knivett,261-201-0464,18818.425,25,technology
230,Sharla Dochon,996-154-8705,19102.581,51,human resources
231,Win Landells,683-286-0040,28292.266,60,finance
232,Leona Cowell,766-866-5467,22867.205,46,technology
233,Tripp Custard,877-521-9799,13824.331,31,marketing
234,Deidre Kuzemka,289-511-6176,15643.81,22,finance
235,Ricky Bountiff,460-122-3091,24185.907,36,strategy
236,Adiana Badham,932-931-2383,28098.0,29,marketing
237,Cassius Brownill,927-419-6121,25489.718,62,strategy
238,Ashla Easbie,955-934-1617,28203.257,57,technology
239,Jeno Fittes,974-326-1998,7681.186,54,strategy
240,Christine Clapshaw,813-182-9031,8829.77,50,strategy
